<oai_dc:dc xmlns:dc="http://purl.org/dc/elements/1.1/" xmlns:oai_dc="http://www.openarchives.org/OAI/2.0/oai_dc/" xmlns:xsi="http://www.w3.org/2001/XMLSchema-instance" xsi:schemaLocation="http://www.openarchives.org/OAI/2.0/oai_dc/ http://www.openarchives.org/OAI/2.0/oai_dc.xsd">
  <dc:title>Chronographia o repertorio de los tiempos</dc:title>
  <dc:title>Iberian Books</dc:title>
  <dc:subject>Astrology &amp; cosmography</dc:subject>
  <dc:description>Role: Author</dc:description>
  <dc:description>Role: Printers</dc:description>
  <dc:description>Delgado Casado Number: 703</dc:description>
  <dc:description>Item count in IB: 54</dc:description>
  <dc:description>Pamplona, Tomás Porralis, 1585.</dc:description>
  <dc:description>Citation confidence: An exemplar has been cited in an established listing bibliography (such as Palau), or more than one copy is known to survive in more than one collection.</dc:description>
  <dc:description>Citation/reference: IB: 18503</dc:description>
  <dc:contributor>Tornamira, Francisco Vicente de</dc:contributor>
  <dc:contributor>Porralis, Tomás</dc:contributor>
  <dc:date>1585</dc:date>
  <dc:type>Text</dc:type>
  <dc:type>Book</dc:type>
  <dc:format>pp. [8] 560 [8].</dc:format>
  <dc:identifier>42661085</dc:identifier>
  <dc:identifier>55259772</dc:identifier>
  <dc:identifier>61092</dc:identifier>
  <dc:identifier>iberian:10361</dc:identifier>
  <dc:identifier>https://digital.ucd.ie/view/iberian:10361</dc:identifier>
  <dc:identifier>ark:/87925/drs1.iberian.10361</dc:identifier>
  <dc:identifier>https://n2t.net/ark:/87925/drs1.iberian.10361</dc:identifier>
  <dc:language>spa</dc:language>
  <dc:language>Spanish</dc:language>
  <dc:relation>Digital copy: http://hdl.handle.net/2027/ucm.5322484984</dc:relation>
  <dc:relation>Digital copy: http://adrastea.ugr.es/record=b1692981:011115</dc:relation>
  <dc:relation>Digital copy: http://bibliotecaforal.bizkaia.net/record=b1108156~S8</dc:relation>
  <dc:relation>Digital copy: https://books.google.com/books?id=s25PbtNHaeUC</dc:relation>
  <dc:relation>Digital copy: http://www.bibliotecavirtualdeandalucia.es/catalogo/consulta/registro.cmd?id=1000893</dc:relation>
  <dc:relation>isMemberOf: info:fedora/iberian:1</dc:relation>
  <dc:coverage>Pamplona</dc:coverage>
  <dc:coverage>Spain</dc:coverage>
  <dc:coverage>Pamplona</dc:coverage>
  <dc:coverage>42.81687,-1.64323northlimit=42.87464; eastlimit=-1.56441; southlimit=42.75911; westlimit=-1.72205</dc:coverage>
  <dc:rights>This work is licensed under a Creative Commons Attribution 4.0 International License (http://creativecommons.org/licenses/by/4.0/)</dc:rights>
</oai_dc:dc>