<oai_dc:dc xmlns:dc="http://purl.org/dc/elements/1.1/" xmlns:oai_dc="http://www.openarchives.org/OAI/2.0/oai_dc/" xmlns:xsi="http://www.w3.org/2001/XMLSchema-instance" xsi:schemaLocation="http://www.openarchives.org/OAI/2.0/oai_dc/ http://www.openarchives.org/OAI/2.0/oai_dc.xsd">
  <dc:title>Verdadera relacion de la vida y muerte del padre fray Luys Bertran</dc:title>
  <dc:title>Iberian Books</dc:title>
  <dc:subject>News</dc:subject>
  <dc:description>Role: Author</dc:description>
  <dc:description>Role: Printers</dc:description>
  <dc:description>Delgado Casado Number: 703</dc:description>
  <dc:description>Item count in IB: 54</dc:description>
  <dc:description>Pamplona, por Tomás Porralis, 1583.</dc:description>
  <dc:description>Citation confidence: An exemplar has been cited in an established listing bibliography (such as Palau), or more than one copy is known to survive in more than one collection.</dc:description>
  <dc:description>Citation/reference: IB: 718</dc:description>
  <dc:contributor>Antist, Vicente Justiniano</dc:contributor>
  <dc:contributor>Porralis, Tomás</dc:contributor>
  <dc:date>1583</dc:date>
  <dc:type>Text</dc:type>
  <dc:type>Book</dc:type>
  <dc:format>pp. 365.</dc:format>
  <dc:identifier>63061</dc:identifier>
  <dc:identifier>iberian:10992</dc:identifier>
  <dc:identifier>https://digital.ucd.ie/view/iberian:10992</dc:identifier>
  <dc:identifier>ark:/87925/drs1.iberian.10992</dc:identifier>
  <dc:identifier>https://n2t.net/ark:/87925/drs1.iberian.10992</dc:identifier>
  <dc:language>spa</dc:language>
  <dc:language>Spanish</dc:language>
  <dc:relation>isReferencedBy: http://www.rah.es:8888/ArchiDocWeb-RAH/action/isadg?method=retrieve&amp;id=14912</dc:relation>
  <dc:relation>isMemberOf: info:fedora/iberian:1</dc:relation>
  <dc:coverage>Pamplona</dc:coverage>
  <dc:coverage>Spain</dc:coverage>
  <dc:coverage>Pamplona</dc:coverage>
  <dc:coverage>42.81687,-1.64323northlimit=42.87464; eastlimit=-1.56441; southlimit=42.75911; westlimit=-1.72205</dc:coverage>
  <dc:rights>This work is licensed under a Creative Commons Attribution 4.0 International License (http://creativecommons.org/licenses/by/4.0/)</dc:rights>
</oai_dc:dc>