<oai_dc:dc xmlns:dc="http://purl.org/dc/elements/1.1/" xmlns:oai_dc="http://www.openarchives.org/OAI/2.0/oai_dc/" xmlns:xsi="http://www.w3.org/2001/XMLSchema-instance" xsi:schemaLocation="http://www.openarchives.org/OAI/2.0/oai_dc/ http://www.openarchives.org/OAI/2.0/oai_dc.xsd">
  <dc:title>Aesop et aliorum fabulae</dc:title>
  <dc:title>Iberian Books</dc:title>
  <dc:subject>Classical authors</dc:subject>
  <dc:subject>Literature</dc:subject>
  <dc:description>Role: Author</dc:description>
  <dc:description>Role: Printers</dc:description>
  <dc:description>Delgado Casado Number: 703</dc:description>
  <dc:description>Item count in IB: 54</dc:description>
  <dc:description>Pamplona, Tomás Porralis, 1589.</dc:description>
  <dc:description>Language note: Translated version.</dc:description>
  <dc:description>Citation confidence: An exemplar has been referenced in a major analytical bibliography, or inspected book in hand, by a member of the Iberian Books project team or a collaborating institution.</dc:description>
  <dc:description>Citation/reference: IB: 119</dc:description>
  <dc:description>Source note (reproduction): Thumbnail image used under the data producer's terms and conditions of use.</dc:description>
  <dc:description>Source note (reproduction): Complutense (Digitised by Google)</dc:description>
  <dc:contributor>Aesopus</dc:contributor>
  <dc:contributor>Porralis, Tomás</dc:contributor>
  <dc:date>1589</dc:date>
  <dc:type>Text</dc:type>
  <dc:type>Book</dc:type>
  <dc:format>12o.</dc:format>
  <dc:identifier>106227</dc:identifier>
  <dc:identifier>iberian:1285</dc:identifier>
  <dc:identifier>https://digital.ucd.ie/view/iberian:1285</dc:identifier>
  <dc:identifier>ark:/87925/drs1.iberian.1285</dc:identifier>
  <dc:identifier>https://n2t.net/ark:/87925/drs1.iberian.1285</dc:identifier>
  <dc:language>lat</dc:language>
  <dc:language>Latin</dc:language>
  <dc:language>Greek</dc:language>
  <dc:relation>Digital copy: http://hdl.handle.net/2027/ucm.5327352227</dc:relation>
  <dc:relation>Digital copy: https://books.google.com/books?id=471oXqAl7SgC</dc:relation>
  <dc:relation>isMemberOf: info:fedora/iberian:1</dc:relation>
  <dc:coverage>Pamplona</dc:coverage>
  <dc:coverage>Spain</dc:coverage>
  <dc:coverage>Pamplona</dc:coverage>
  <dc:coverage>42.81687,-1.64323northlimit=42.87464; eastlimit=-1.56441; southlimit=42.75911; westlimit=-1.72205</dc:coverage>
  <dc:rights>This work is licensed under a Creative Commons Attribution 4.0 International License (http://creativecommons.org/licenses/by/4.0/)</dc:rights>
</oai_dc:dc>