<oai_dc:dc xmlns:dc="http://purl.org/dc/elements/1.1/" xmlns:oai_dc="http://www.openarchives.org/OAI/2.0/oai_dc/" xmlns:xsi="http://www.w3.org/2001/XMLSchema-instance" xsi:schemaLocation="http://www.openarchives.org/OAI/2.0/oai_dc/ http://www.openarchives.org/OAI/2.0/oai_dc.xsd">
  <dc:title>El Caton, el libro Ilamado contento, cuya obra es de sant Bernardo, el floreto, las quinque claves de la sabiduria, las fablas del Esopo</dc:title>
  <dc:title>Iberian Books</dc:title>
  <dc:subject>Classical authors</dc:subject>
  <dc:description>Role: Author</dc:description>
  <dc:description>Role: Author</dc:description>
  <dc:description>Role: Author</dc:description>
  <dc:description>Role: Printers</dc:description>
  <dc:description>Delgado Casado Number: 102</dc:description>
  <dc:description>Item count in IB: 24</dc:description>
  <dc:description>Pamplona, Arnao Guillén de Brocar, 1499.</dc:description>
  <dc:description>Language note: Translated version.</dc:description>
  <dc:description>Citation confidence: The work may be genuine, but there is a heightened possibility that this work could be a bibliographical ghost. An exemplar may survive in only a single copy, or there may be no known surviving copy.</dc:description>
  <dc:description>Citation/reference: IB: 3038</dc:description>
  <dc:contributor>Cato, Dionysius</dc:contributor>
  <dc:contributor>Bernardus, St</dc:contributor>
  <dc:contributor>Aesopus</dc:contributor>
  <dc:contributor>Brocar, Arnao Guillén de</dc:contributor>
  <dc:date>1499</dc:date>
  <dc:type>Text</dc:type>
  <dc:type>Book</dc:type>
  <dc:identifier>76639</dc:identifier>
  <dc:identifier>iberian:16816</dc:identifier>
  <dc:identifier>https://digital.ucd.ie/view/iberian:16816</dc:identifier>
  <dc:identifier>ark:/87925/drs1.iberian.16816</dc:identifier>
  <dc:identifier>https://n2t.net/ark:/87925/drs1.iberian.16816</dc:identifier>
  <dc:language>spa</dc:language>
  <dc:language>Spanish</dc:language>
  <dc:language>lat</dc:language>
  <dc:language>Latin</dc:language>
  <dc:language>Greek</dc:language>
  <dc:relation>isMemberOf: info:fedora/iberian:1</dc:relation>
  <dc:coverage>Pamplona</dc:coverage>
  <dc:coverage>Spain</dc:coverage>
  <dc:coverage>Pamplona</dc:coverage>
  <dc:coverage>42.81687,-1.64323northlimit=42.87464; eastlimit=-1.56441; southlimit=42.75911; westlimit=-1.72205</dc:coverage>
  <dc:rights>This work is licensed under a Creative Commons Attribution 4.0 International License (http://creativecommons.org/licenses/by/4.0/)</dc:rights>
</oai_dc:dc>