<oai_dc:dc xmlns:dc="http://purl.org/dc/elements/1.1/" xmlns:oai_dc="http://www.openarchives.org/OAI/2.0/oai_dc/" xmlns:xsi="http://www.w3.org/2001/XMLSchema-instance" xsi:schemaLocation="http://www.openarchives.org/OAI/2.0/oai_dc/ http://www.openarchives.org/OAI/2.0/oai_dc.xsd">
  <dc:title>Epilogo en medicina, o compendio de la salud humana</dc:title>
  <dc:title>Iberian Books</dc:title>
  <dc:subject>Medical</dc:subject>
  <dc:description>Role: Author</dc:description>
  <dc:description>Role: Printers</dc:description>
  <dc:description>Delgado Casado Number: 102</dc:description>
  <dc:description>Item count in IB: 24</dc:description>
  <dc:description>Pamplona, Arnao Guillén de Brocar, 1495.</dc:description>
  <dc:description>Language note: Translated version.</dc:description>
  <dc:description>Citation confidence: An exemplar has been referenced in a major analytical bibliography, or inspected book in hand, by a member of the Iberian Books project team or a collaborating institution.</dc:description>
  <dc:description>Citation/reference: IB: 11060</dc:description>
  <dc:contributor>Ketham, Johann von</dc:contributor>
  <dc:contributor>Brocar, Arnao Guillén de</dc:contributor>
  <dc:date>1495</dc:date>
  <dc:type>Text</dc:type>
  <dc:type>Book</dc:type>
  <dc:format>2o.</dc:format>
  <dc:identifier>50316</dc:identifier>
  <dc:identifier>iberian:2139</dc:identifier>
  <dc:identifier>https://digital.ucd.ie/view/iberian:2139</dc:identifier>
  <dc:identifier>ark:/87925/drs1.iberian.2139</dc:identifier>
  <dc:identifier>https://n2t.net/ark:/87925/drs1.iberian.2139</dc:identifier>
  <dc:language>spa</dc:language>
  <dc:language>Spanish</dc:language>
  <dc:relation>Digital copy: http://bibliotecadigitalhispanica.bne.es:80/webclient/DeliveryManager?pid=1604237&amp;custom_att_2=simple_viewer</dc:relation>
  <dc:relation>Digital copy: http://bdh-rd.bne.es/viewer.vm?id=0000176840&amp;page=1</dc:relation>
  <dc:relation>isMemberOf: info:fedora/iberian:1</dc:relation>
  <dc:coverage>Pamplona</dc:coverage>
  <dc:coverage>Spain</dc:coverage>
  <dc:coverage>Pamplona</dc:coverage>
  <dc:coverage>42.81687,-1.64323northlimit=42.87464; eastlimit=-1.56441; southlimit=42.75911; westlimit=-1.72205</dc:coverage>
  <dc:rights>This work is licensed under a Creative Commons Attribution 4.0 International License (http://creativecommons.org/licenses/by/4.0/)</dc:rights>
</oai_dc:dc>