<oai_dc:dc xmlns:dc="http://purl.org/dc/elements/1.1/" xmlns:oai_dc="http://www.openarchives.org/OAI/2.0/oai_dc/" xmlns:xsi="http://www.w3.org/2001/XMLSchema-instance" xsi:schemaLocation="http://www.openarchives.org/OAI/2.0/oai_dc/ http://www.openarchives.org/OAI/2.0/oai_dc.xsd">
  <dc:title>Roncesvalles. Sentencia de reformacion, pronunciada y executada por don Martin de Cordova, visitador y reformador apostolico del monasterio y hospital real de sancta Maria de Roncesvalles, personas y hazienda del, y sus annexos, que es en el reino de Navarra, en los montes Pirineos</dc:title>
  <dc:title>Iberian Books</dc:title>
  <dc:subject>Religious</dc:subject>
  <dc:description>Role: Author</dc:description>
  <dc:description>Role: Printers</dc:description>
  <dc:description>Delgado Casado Number: 703</dc:description>
  <dc:description>Item count in IB: 54</dc:description>
  <dc:description>Pamplona, Tomás Porralis, 1590.</dc:description>
  <dc:description>Citation confidence: An exemplar has been referenced in a major analytical bibliography, or inspected book in hand, by a member of the Iberian Books project team or a collaborating institution.</dc:description>
  <dc:description>Citation/reference: IB: 3988</dc:description>
  <dc:contributor>Córdoba, Martín de</dc:contributor>
  <dc:contributor>Porralis, Tomás</dc:contributor>
  <dc:date>1590</dc:date>
  <dc:type>Text</dc:type>
  <dc:type>Book</dc:type>
  <dc:format>ff. [1] XXXIIII [1] [1].</dc:format>
  <dc:identifier>52665</dc:identifier>
  <dc:identifier>iberian:4164</dc:identifier>
  <dc:identifier>https://digital.ucd.ie/view/iberian:4164</dc:identifier>
  <dc:identifier>ark:/87925/drs1.iberian.4164</dc:identifier>
  <dc:identifier>https://n2t.net/ark:/87925/drs1.iberian.4164</dc:identifier>
  <dc:language>spa</dc:language>
  <dc:language>Spanish</dc:language>
  <dc:relation>isReferencedBy: http://www.rah.es:8888/ArchiDocWeb-RAH/action/isadg?method=retrieve&amp;id=36389</dc:relation>
  <dc:relation>Digital copy: http://www.navarra.es/appsext/bnd/GN_Ficheros_PDF_Binadi.aspx?Fichero=BGN0036-6_42p1d000000000000000410.pdf</dc:relation>
  <dc:relation>Digital copy: http://hdl.handle.net/2027/ucm.5324263549</dc:relation>
  <dc:relation>Digital copy: https://books.google.com/books?id=NPWyl7t3fNAC</dc:relation>
  <dc:relation>isMemberOf: info:fedora/iberian:1</dc:relation>
  <dc:coverage>Pamplona</dc:coverage>
  <dc:coverage>Spain</dc:coverage>
  <dc:coverage>Pamplona</dc:coverage>
  <dc:coverage>42.81687,-1.64323northlimit=42.87464; eastlimit=-1.56441; southlimit=42.75911; westlimit=-1.72205</dc:coverage>
  <dc:rights>This work is licensed under a Creative Commons Attribution 4.0 International License (http://creativecommons.org/licenses/by/4.0/)</dc:rights>
</oai_dc:dc>