<oai_dc:dc xmlns:dc="http://purl.org/dc/elements/1.1/" xmlns:oai_dc="http://www.openarchives.org/OAI/2.0/oai_dc/" xmlns:xsi="http://www.w3.org/2001/XMLSchema-instance" xsi:schemaLocation="http://www.openarchives.org/OAI/2.0/oai_dc/ http://www.openarchives.org/OAI/2.0/oai_dc.xsd">
  <dc:title>Libro compuesto en el qual se contienen grandes avisos, y secretos maravillosos, assi de medecina, como de çirugia, para curar y preservarse los hombres de pestilencia con otros muchos tratados muy necessarios de diversos autores esperimentados en esta enfermedad</dc:title>
  <dc:title>Iberian Books</dc:title>
  <dc:subject>Medical</dc:subject>
  <dc:description>Role: Author</dc:description>
  <dc:description>Role: Printers</dc:description>
  <dc:description>Item count in IB: 1</dc:description>
  <dc:description>Role: Printers</dc:description>
  <dc:description>Delgado Casado Number: 528</dc:description>
  <dc:description>Item count in IB: 13</dc:description>
  <dc:description>Pamplona, Matías Mares a costa de Martín Gómez, 1598.</dc:description>
  <dc:description>Language note: Translated version.</dc:description>
  <dc:description>Citation confidence: An exemplar has been cited in an established listing bibliography (such as Palau), or more than one copy is known to survive in more than one collection.</dc:description>
  <dc:description>Citation/reference: IB: 8873</dc:description>
  <dc:contributor>Ficino, Marsilio</dc:contributor>
  <dc:contributor>Mares, Matías</dc:contributor>
  <dc:contributor>Gómez, Martín</dc:contributor>
  <dc:date>1598</dc:date>
  <dc:type>Text</dc:type>
  <dc:type>Book</dc:type>
  <dc:format>ff. 8 111 4.</dc:format>
  <dc:identifier>53341</dc:identifier>
  <dc:identifier>iberian:4706</dc:identifier>
  <dc:identifier>https://digital.ucd.ie/view/iberian:4706</dc:identifier>
  <dc:identifier>ark:/87925/drs1.iberian.4706</dc:identifier>
  <dc:identifier>https://n2t.net/ark:/87925/drs1.iberian.4706</dc:identifier>
  <dc:language>spa</dc:language>
  <dc:language>Spanish</dc:language>
  <dc:relation>isMemberOf: info:fedora/iberian:1</dc:relation>
  <dc:coverage>Pamplona</dc:coverage>
  <dc:coverage>Spain</dc:coverage>
  <dc:coverage>Pamplona</dc:coverage>
  <dc:coverage>Spain</dc:coverage>
  <dc:coverage>Pamplona</dc:coverage>
  <dc:coverage>42.81687,-1.64323northlimit=42.87464; eastlimit=-1.56441; southlimit=42.75911; westlimit=-1.72205</dc:coverage>
  <dc:rights>This work is licensed under a Creative Commons Attribution 4.0 International License (http://creativecommons.org/licenses/by/4.0/)</dc:rights>
</oai_dc:dc>