<oai_dc:dc xmlns:dc="http://purl.org/dc/elements/1.1/" xmlns:oai_dc="http://www.openarchives.org/OAI/2.0/oai_dc/" xmlns:xsi="http://www.w3.org/2001/XMLSchema-instance" xsi:schemaLocation="http://www.openarchives.org/OAI/2.0/oai_dc/ http://www.openarchives.org/OAI/2.0/oai_dc.xsd">
  <dc:title>Verdadera relacion de la vida y muerte del padre fray Luys Bertran, de bienaventurada memoria</dc:title>
  <dc:title>Iberian Books</dc:title>
  <dc:subject>News</dc:subject>
  <dc:description>Role: Author</dc:description>
  <dc:description>Role: Printers</dc:description>
  <dc:description>Delgado Casado Number: 703</dc:description>
  <dc:description>Item count in IB: 54</dc:description>
  <dc:description>Pamplona, Tomás Porralis, 1584.</dc:description>
  <dc:description>Citation confidence: The work may be genuine, but there is a heightened possibility that this work could be a bibliographical ghost. An exemplar may survive in only a single copy, or there may be no known surviving copy.</dc:description>
  <dc:description>Citation/reference: IB: 67429</dc:description>
  <dc:description>Source note (reproduction): Thumbnail image used under the data producer's terms and conditions of use.</dc:description>
  <dc:description>Source note (reproduction): Digitised by Google</dc:description>
  <dc:contributor>Antist, Vicente Justiniano</dc:contributor>
  <dc:contributor>Porralis, Tomás</dc:contributor>
  <dc:date>1584</dc:date>
  <dc:type>Text</dc:type>
  <dc:type>Book</dc:type>
  <dc:format>pp. 365 [1].</dc:format>
  <dc:identifier>93097</dc:identifier>
  <dc:identifier>iberian:65696</dc:identifier>
  <dc:identifier>https://digital.ucd.ie/view/iberian:65696</dc:identifier>
  <dc:identifier>ark:/87925/drs1.iberian.65696</dc:identifier>
  <dc:identifier>https://n2t.net/ark:/87925/drs1.iberian.65696</dc:identifier>
  <dc:language>spa</dc:language>
  <dc:language>Spanish</dc:language>
  <dc:relation>isReferencedBy: http://www.rah.es:8888/ArchiDocWeb-RAH/action/isadg?method=retrieve&amp;id=14912</dc:relation>
  <dc:relation>Digital copy: http://hdl.handle.net/2027/ucm.5323803831</dc:relation>
  <dc:relation>Digital copy: https://books.google.com/books?id=X9sv0Yf3XqMC</dc:relation>
  <dc:relation>isMemberOf: info:fedora/iberian:1</dc:relation>
  <dc:coverage>Pamplona</dc:coverage>
  <dc:coverage>Spain</dc:coverage>
  <dc:coverage>Pamplona</dc:coverage>
  <dc:coverage>42.81687,-1.64323northlimit=42.87464; eastlimit=-1.56441; southlimit=42.75911; westlimit=-1.72205</dc:coverage>
  <dc:rights>This work is licensed under a Creative Commons Attribution 4.0 International License (http://creativecommons.org/licenses/by/4.0/)</dc:rights>
</oai_dc:dc>