<oai_dc:dc xmlns:oai_dc="http://www.openarchives.org/OAI/2.0/oai_dc/" xmlns:dc="http://purl.org/dc/elements/1.1/" xmlns:xsi="http://www.w3.org/2001/XMLSchema-instance" xsi:schemaLocation="http://www.openarchives.org/OAI/2.0/oai_dc/ http://www.openarchives.org/OAI/2.0/oai_dc.xsd">
  <dc:title>De spirituali cognatione alterum cum variis disgressionibus seu annotationibus</dc:title>
  <dc:title>Iberian Books</dc:title>
  <dc:subject>Religious</dc:subject>
  <dc:description>Role: Author</dc:description>
  <dc:description>Role: Printers</dc:description>
  <dc:description>Item count in IB: 184</dc:description>
  <dc:description>Pamplona, s.n., 1568.</dc:description>
  <dc:description>Citation confidence: The work may be genuine, but there is a heightened possibility that this work could be a bibliographical ghost. An exemplar may survive in only a single copy, or there may be no known surviving copy.</dc:description>
  <dc:description>Citation/reference: IB: 107772</dc:description>
  <dc:contributor>Gallego, Melchor</dc:contributor>
  <dc:date>1568</dc:date>
  <dc:type>Text</dc:type>
  <dc:type>Book</dc:type>
  <dc:format>4o.</dc:format>
  <dc:identifier>98490</dc:identifier>
  <dc:identifier>iberian:67270</dc:identifier>
  <dc:identifier>https://digital.ucd.ie/view/iberian:67270</dc:identifier>
  <dc:identifier>ark:/87925/drs1.iberian.67270</dc:identifier>
  <dc:identifier>https://n2t.net/ark:/87925/drs1.iberian.67270</dc:identifier>
  <dc:language>lat</dc:language>
  <dc:language>Latin</dc:language>
  <dc:relation>isMemberOf: info:fedora/iberian:1</dc:relation>
  <dc:coverage>Pamplona</dc:coverage>
  <dc:coverage>Spain</dc:coverage>
  <dc:coverage>Pamplona</dc:coverage>
  <dc:coverage>42.81687,-1.64323northlimit=42.87464; eastlimit=-1.56441; southlimit=42.75911; westlimit=-1.72205</dc:coverage>
  <dc:rights>This work is licensed under a Creative Commons Attribution 4.0 International License (http://creativecommons.org/licenses/by/4.0/)</dc:rights>
</oai_dc:dc>