<oai_dc:dc xmlns:oai_dc="http://www.openarchives.org/OAI/2.0/oai_dc/" xmlns:dc="http://purl.org/dc/elements/1.1/" xmlns:xsi="http://www.w3.org/2001/XMLSchema-instance" xsi:schemaLocation="http://www.openarchives.org/OAI/2.0/oai_dc/ http://www.openarchives.org/OAI/2.0/oai_dc.xsd">
  <dc:title>Doctrina christiana y pasto espiritual del alma para los que tienen cargo de almas y para todos estados en castellano y vascuence</dc:title>
  <dc:title>Iberian Books</dc:title>
  <dc:subject>Religious</dc:subject>
  <dc:description>Role: Author</dc:description>
  <dc:description>Role: Printers</dc:description>
  <dc:description>Delgado Casado Number: 23</dc:description>
  <dc:description>Item count in IB: 4</dc:description>
  <dc:description>Pamplona, Adrián de Amberes, 1561.</dc:description>
  <dc:description>Citation confidence: The work may be genuine, but there is a heightened possibility that this work could be a bibliographical ghost. An exemplar may survive in only a single copy, or there may be no known surviving copy.</dc:description>
  <dc:description>Citation/reference: IB: 79044</dc:description>
  <dc:contributor>Elso, Sancio de</dc:contributor>
  <dc:contributor>Amberes, Adrián de</dc:contributor>
  <dc:date>1561</dc:date>
  <dc:type>Text</dc:type>
  <dc:type>Book</dc:type>
  <dc:format>8o.</dc:format>
  <dc:identifier>98504</dc:identifier>
  <dc:identifier>iberian:67283</dc:identifier>
  <dc:identifier>https://digital.ucd.ie/view/iberian:67283</dc:identifier>
  <dc:identifier>ark:/87925/drs1.iberian.67283</dc:identifier>
  <dc:identifier>https://n2t.net/ark:/87925/drs1.iberian.67283</dc:identifier>
  <dc:language>spa</dc:language>
  <dc:language>Spanish</dc:language>
  <dc:relation>isMemberOf: info:fedora/iberian:1</dc:relation>
  <dc:coverage>Pamplona</dc:coverage>
  <dc:coverage>Spain</dc:coverage>
  <dc:coverage>Pamplona</dc:coverage>
  <dc:coverage>42.81687,-1.64323northlimit=42.87464; eastlimit=-1.56441; southlimit=42.75911; westlimit=-1.72205</dc:coverage>
  <dc:rights>This work is licensed under a Creative Commons Attribution 4.0 International License (http://creativecommons.org/licenses/by/4.0/)</dc:rights>
</oai_dc:dc>