<oai_dc:dc xmlns:dc="http://purl.org/dc/elements/1.1/" xmlns:oai_dc="http://www.openarchives.org/OAI/2.0/oai_dc/" xmlns:xsi="http://www.w3.org/2001/XMLSchema-instance" xsi:schemaLocation="http://www.openarchives.org/OAI/2.0/oai_dc/ http://www.openarchives.org/OAI/2.0/oai_dc.xsd">
  <dc:title>España - Leyes y Reglamentos</dc:title>
  <dc:title>Ordenanças generales del reyno de Navarra, sobre el obrar paños y burulleria, començando del apartar, labrar, y vender las lanas y paños</dc:title>
  <dc:title>Iberian Books</dc:title>
  <dc:subject>Ordinances/Edicts</dc:subject>
  <dc:description>Role: Printers</dc:description>
  <dc:description>Delgado Casado Number: 702</dc:description>
  <dc:description>Item count in IB: 6</dc:description>
  <dc:description>Pamplona, Pedro Porralis, 1592.</dc:description>
  <dc:description>Citation confidence: An exemplar has been cited in an established listing bibliography (such as Palau), or more than one copy is known to survive in more than one collection.</dc:description>
  <dc:description>Citation/reference: IB: 7942</dc:description>
  <dc:contributor>Porralis, Pedro</dc:contributor>
  <dc:date>1592</dc:date>
  <dc:type>Text</dc:type>
  <dc:type>Book</dc:type>
  <dc:format>pp. [36].</dc:format>
  <dc:identifier>56184</dc:identifier>
  <dc:identifier>iberian:6885</dc:identifier>
  <dc:identifier>https://digital.ucd.ie/view/iberian:6885</dc:identifier>
  <dc:identifier>ark:/87925/drs1.iberian.6885</dc:identifier>
  <dc:identifier>https://n2t.net/ark:/87925/drs1.iberian.6885</dc:identifier>
  <dc:language>spa</dc:language>
  <dc:language>Spanish</dc:language>
  <dc:relation>isMemberOf: info:fedora/iberian:1</dc:relation>
  <dc:coverage>Pamplona</dc:coverage>
  <dc:coverage>Spain</dc:coverage>
  <dc:coverage>Pamplona</dc:coverage>
  <dc:coverage>42.81687,-1.64323northlimit=42.87464; eastlimit=-1.56441; southlimit=42.75911; westlimit=-1.72205</dc:coverage>
  <dc:rights>This work is licensed under a Creative Commons Attribution 4.0 International License (http://creativecommons.org/licenses/by/4.0/)</dc:rights>
</oai_dc:dc>