<oai_dc:dc xmlns:dc="http://purl.org/dc/elements/1.1/" xmlns:oai_dc="http://www.openarchives.org/OAI/2.0/oai_dc/" xmlns:xsi="http://www.w3.org/2001/XMLSchema-instance" xsi:schemaLocation="http://www.openarchives.org/OAI/2.0/oai_dc/ http://www.openarchives.org/OAI/2.0/oai_dc.xsd">
  <dc:title>Coronica del serenissimo rey don Pedro, hijo del rey don Alonso de Castilla</dc:title>
  <dc:title>Iberian Books</dc:title>
  <dc:subject>Histories</dc:subject>
  <dc:description>Role: Author</dc:description>
  <dc:description>Role: Printers</dc:description>
  <dc:description>Item count in IB: 2</dc:description>
  <dc:description>Role: Printers</dc:description>
  <dc:description>Delgado Casado Number: 702</dc:description>
  <dc:description>Item count in IB: 6</dc:description>
  <dc:description>Pamplona, por Pedro Porralis a costa de Juan Boyer en Medina del Campo, 1591.</dc:description>
  <dc:description>Citation confidence: An exemplar has been cited in an established listing bibliography (such as Palau), or more than one copy is known to survive in more than one collection.</dc:description>
  <dc:description>Citation/reference: IB: 11485</dc:description>
  <dc:contributor>López de Ayala, Pedro</dc:contributor>
  <dc:contributor>Porralis, Pedro</dc:contributor>
  <dc:contributor>Boyer, Juan</dc:contributor>
  <dc:date>1591</dc:date>
  <dc:type>Text</dc:type>
  <dc:type>Book</dc:type>
  <dc:format>ff. [2] 222 [12].</dc:format>
  <dc:identifier>13106999</dc:identifier>
  <dc:identifier>57818</dc:identifier>
  <dc:identifier>iberian:7965</dc:identifier>
  <dc:identifier>https://digital.ucd.ie/view/iberian:7965</dc:identifier>
  <dc:identifier>ark:/87925/drs1.iberian.7965</dc:identifier>
  <dc:identifier>https://n2t.net/ark:/87925/drs1.iberian.7965</dc:identifier>
  <dc:language>spa</dc:language>
  <dc:language>Spanish</dc:language>
  <dc:relation>isReferencedBy: http://www.rah.es:8888/ArchiDocWeb-RAH/action/isadg?method=retrieve&amp;id=39315</dc:relation>
  <dc:relation>Digital copy: https://bibliotecafloridablanca.um.es/bibliotecafloridablanca/handle/11169/896</dc:relation>
  <dc:relation>Digital copy: http://hdl.handle.net/2027/ucm.5316527705</dc:relation>
  <dc:relation>Digital copy: http://hdl.handle.net/11169/896</dc:relation>
  <dc:relation>Digital copy: https://books.google.com/books?id=vCIMu-3WflcC</dc:relation>
  <dc:relation>Digital copy: https://books.google.com/books?id=oXlLAg7qiPoC</dc:relation>
  <dc:relation>Digital copy: https://books.google.com/books?id=VWwcgyA7A0EC</dc:relation>
  <dc:relation>Digital copy: http://bdh-rd.bne.es/viewer.vm?id=0000086084&amp;page=1</dc:relation>
  <dc:relation>isMemberOf: info:fedora/iberian:1</dc:relation>
  <dc:coverage>Pamplona</dc:coverage>
  <dc:coverage>Spain</dc:coverage>
  <dc:coverage>Pamplona</dc:coverage>
  <dc:coverage>Spain</dc:coverage>
  <dc:coverage>Pamplona</dc:coverage>
  <dc:coverage>42.81687,-1.64323northlimit=42.87464; eastlimit=-1.56441; southlimit=42.75911; westlimit=-1.72205</dc:coverage>
  <dc:rights>This work is licensed under a Creative Commons Attribution 4.0 International License (http://creativecommons.org/licenses/by/4.0/)</dc:rights>
</oai_dc:dc>