<oai_dc:dc xmlns:dc="http://purl.org/dc/elements/1.1/" xmlns:oai_dc="http://www.openarchives.org/OAI/2.0/oai_dc/" xmlns:xsi="http://www.w3.org/2001/XMLSchema-instance" xsi:schemaLocation="http://www.openarchives.org/OAI/2.0/oai_dc/ http://www.openarchives.org/OAI/2.0/oai_dc.xsd">
  <dc:title>Primera adicion de los siete libros de la Diana</dc:title>
  <dc:title>Iberian Books</dc:title>
  <dc:subject>Literature</dc:subject>
  <dc:description>Role: Author</dc:description>
  <dc:description>Role: Author</dc:description>
  <dc:description>Role: Author</dc:description>
  <dc:description>Role: Printers</dc:description>
  <dc:description>Delgado Casado Number: 703</dc:description>
  <dc:description>Item count in IB: 54</dc:description>
  <dc:description>Pamplona, Tomás Porralis, 1578.</dc:description>
  <dc:description>Citation confidence: An exemplar has been referenced in a major analytical bibliography, or inspected book in hand, by a member of the Iberian Books project team or a collaborating institution.</dc:description>
  <dc:description>Citation/reference: IB: 13269</dc:description>
  <dc:description>Source note (reproduction): Thumbnail image used under the data producer's terms and conditions of use.</dc:description>
  <dc:description>Source note (reproduction): Madrid (Es), Biblioteca Nacional (Courtesy of)</dc:description>
  <dc:contributor>Montemayor, Jorge de</dc:contributor>
  <dc:contributor>Pérez, Alonso</dc:contributor>
  <dc:contributor>Gil Polo, Gaspar</dc:contributor>
  <dc:contributor>Porralis, Tomás</dc:contributor>
  <dc:date>1578</dc:date>
  <dc:type>Text</dc:type>
  <dc:type>Book</dc:type>
  <dc:format>12o.</dc:format>
  <dc:identifier>58741</dc:identifier>
  <dc:identifier>iberian:8743</dc:identifier>
  <dc:identifier>https://digital.ucd.ie/view/iberian:8743</dc:identifier>
  <dc:identifier>ark:/87925/drs1.iberian.8743</dc:identifier>
  <dc:identifier>https://n2t.net/ark:/87925/drs1.iberian.8743</dc:identifier>
  <dc:language>spa</dc:language>
  <dc:language>Spanish</dc:language>
  <dc:relation>isReferencedBy: http://www.rah.es:8888/ArchiDocWeb-RAH/action/isadg?method=retrieve&amp;id=28151</dc:relation>
  <dc:relation>Digital copy: http://bdh-rd.bne.es/viewer.vm?id=0000052630&amp;page=1</dc:relation>
  <dc:relation>isMemberOf: info:fedora/iberian:1</dc:relation>
  <dc:coverage>Pamplona</dc:coverage>
  <dc:coverage>Spain</dc:coverage>
  <dc:coverage>Pamplona</dc:coverage>
  <dc:coverage>42.81687,-1.64323northlimit=42.87464; eastlimit=-1.56441; southlimit=42.75911; westlimit=-1.72205</dc:coverage>
  <dc:rights>This work is licensed under a Creative Commons Attribution 4.0 International License (http://creativecommons.org/licenses/by/4.0/)</dc:rights>
</oai_dc:dc>